[Header],,,
IEMFileVersion,4,,
Date,4/20/18,,
Workflow,GenerateFASTQ,,
Application,NextSeq FASTQ Only,,
Assay,Custom,,
Description,,,
Chemistry,Default,,
,,,
[Reads],,,
75,,,
75,,,
,,,
[Settings],,,
Adapter,AATGATACGGCGACCACCGAGATCTACAC ,,
AdapterRead2,CAAGCAGAAGACGGCATACGAGAT ,,
,,,
[Data],,,
Sample_ID,Sample_Name,index,index2
RD001,RD001,ATTACTCG,GCCTCTAT
RD002,RD002,TCCGGAGA,GCCTCTAT
RD003,RD003,CGCTCATT,GCCTCTAT
RD004,RD004,GAGATTCC,AGGATAGG
RD005,RD005,ATTCAGAA,AGGATAGG
RD006,RD006,GAATTCGT,AGGATAGG
RD007,RD007,CTGAAGCT,TCAGAGCC
RD008,RD008,TAATGCGC,TCAGAGCC
RD009,RD009,CGGCTATG,TCAGAGCC
RD010,RD010,TCCGCGAA,CTTCGCCT
RD011,RD011,TCTCGCGC,CTTCGCCT
RD012,RD012,AGCGATAG,CTTCGCCT
RD013,RD013,ATTACTCG,TAAGATTA
RD014,RD014,TCCGGAGA,TAAGATTA
RD015,RD015,CGCTCATT,TAAGATTA
RD016,RD016,GAGATTCC,ACGTCCTG
RD017,RD017,ATTCAGAA,ACGTCCTG
RD018,RD018,GAATTCGT,ACGTCCTG
RD019,RD019,TCCGCGAA,GTCAGTAC
RD020,RD020,TCTCGCGC,GTCAGTAC
RD021,RD021,AGCGATAG,GTCAGTAC